idTipoRelacion	nombreRelacion	category
6	_RL_00BLANCO	misc
7	_RL_03AGAZA	education
8	_RL_05AHADA	education
9	_RL_07AKTARA	companionship
10	_RL_09TALA	companionship
11	_RL_11HADATA	education
12	_RL_13RAWA	education
13	_RL_15SAMIA	education
14	_RL_17SAHIB	companionship
15	_RL_19SAHIBA	companionship
16	_RL_21SUHBA	companionship
17	_RL_23QARAA	education
18	_RL_25KATABA	education
19	_RL_27LAZAMA	companionship
20	_RL_29LAQIYA	companionship
21	_RL_31MINASHAB	companionship
22	_RL_33IBN	family
23	_RL_35IBNUHT	family
24	_RL_37IBNAHI	family
25	_RL_39IBNHAL	family
26	_RL_41IBNAMM	family
27	_RL_43UHT	family
28	_RL_45AHU	family
29	_RL_47BINT	family
30	_RL_49GADD	family
31	_RL_51GADDLIUMM	family
32	_RL_53HAFID	family
33	_RL_55HAL	family
34	_RL_57ZAWG	family
35	_RL_59SIBT	family
36	_RL_61SAQIQ	family
37	_RL_63SIHR	family
38	_RL_65AMM	family
39	_RL_67QARIB	family
40	_RL_69MAWLA	family
41	_RL_71WALID	family
42	_RL_73GAR	companionship
43	_RL_75OTRA	misc
44	_RL_46UMM	family
45	_RL_06AHADAANHU	education
46	_RL_14RAWAANHU	education
47	_RL_16SAMIAMINHU	education
48	_RL_04AGAZALI	misc
49	_RL_12HADATAANHU	education
50	_RL_26KATABAANHU	education
51	_RL_58ZAWGA	family
52	_RL_42IBNA	family
