idTipoRelacion	nombreRelacion
6	_RL_00BLANCO
7	_RL_03AGAZA
8	_RL_05AHADA
9	_RL_07AKTARA
10	_RL_09TALA
11	_RL_11HADATA
12	_RL_13RAWA
13	_RL_15SAMIA
14	_RL_17SAHIB
15	_RL_19SAHIBA
16	_RL_21SUHBA
17	_RL_23QARAA
18	_RL_25KATABA
19	_RL_27LAZAMA
20	_RL_29LAQIYA
21	_RL_31MINASHAB
22	_RL_33IBN
23	_RL_35IBNUHT
24	_RL_37IBNAHI
25	_RL_39IBNHAL
26	_RL_41IBNAMM
27	_RL_43UHT
28	_RL_45AHU
29	_RL_47BINT
30	_RL_49GADD
31	_RL_51GADDLIUMM
32	_RL_53HAFID
33	_RL_55HAL
34	_RL_57ZAWG
35	_RL_59SIBT
36	_RL_61SAQIQ
37	_RL_63SIHR
38	_RL_65AMM
39	_RL_67QARIB
40	_RL_69MAWLA
41	_RL_71WALID
42	_RL_73GAR
43	_RL_75OTRA
44	_RL_46UMM
45	_RL_06AHADAANHU
46	_RL_14RAWAANHU
47	_RL_16SAMIAMINHU
48	_RL_04AGAZALI
49	_RL_12HADATAANHU
50	_RL_26KATABAANHU
51	_RL_58ZAWGA
52	_RL_42IBNA
