idLugar	FLAG_alandalus	nisba	major_toponym	nombre	nombre_castellano	lat	lng	idLugarALT
LUG00653	1	الطبري		طبرة [بغربي إشبيلية]	Tomares ???	37.373889	-6.045	إشبيلية
LUG00853	1	الفحصي		فحص البيرة	Vega de Elvira	37.2204	-3.723	
LUG00133	1	القونكي		قونكة	Cuenca	40.071667	-2.135	
LUG00017	1	الشقري		جزيرة شقر	Alcira	39.15	-0.435	
LUG00031	1	البلنسي		بلنسية	Valencia	39.466667	-0.375	
LUG00242	1	NA		الجزائر الشرقية / جزائر في شرق الأندلس	Islas Baleares	39.5	3	
LUG00680	1	الشبارتي		شبارت / شبرت	Alcalá de Chivert ?	40.304167	0.225	
LUG00404	0	الأشيري		أشير	Achir	35.944	3.284	
LUG01452	0	الالقسطنطيني		القسطنطينية	Constantinopla	41.013611	28.955	
LUG01475	0	المنسي		تل منس	Talmenes	35.638	36.739	
LUG01534	1	الألتاوي		ألتاية	Altea	38.6	-0.048889	
LUG00547	1	البرياني		بريانة	Burriana	39.8895586	-0.0842113	
LUG01409	1	NA		باغه دانية	Pego	38.843056	-0.1175	
LUG00437	1	الزناتي		زناتة / زنيتة (قرية)	Adzaneta / Zeneta	38.8355079	-0.170556	
LUG00951	1	NA		وادي لشت	Guadalest	38.67431	-0.19489	
LUG01292	1	الشوني		شون (بلنسية)	Uxó	39.847772	-0.226408	
LUG00716	1	القلني		قلنة	Calanda	40.939464	-0.231561	
LUG00743	1	البالمي		بالمة_قرية [من جزء بيران]	Palma de Gandía	38.957265	-0.243409	
LUG01187	1	القلييري		قلييرة	Cullera	39.1631959	-0.2537897	
LUG00215	1	الأندي		أندة	Onda	39.96513	-0.2625949	
LUG00086	1	المرباطري		مربيطر / مرباطر (حصن)	Sagunto/Morviedro	39.676389	-0.273333	
LUG00652	1	البلالي		بلاله [قرية بشاطبة]	Vilella	38.915278	-0.285833	
LUG01076	1	الأنيشي		أنيشة / أبيشة	Puig de Santa María (Puig de la Cebolla / Enesa)	39.589589	-0.303056	
LUG00747	1	الرغاطي		رغاط	Rugat	38.8797731	-0.3615962	
LUG01229	1	NA		رصافة بلنسية	Ruzafa de Valencia	39.4625	-0.3719444	
LUG01097	1	الأسيلي		أسيلة	Silla?	39.361784	-0.410349	
LUG00571	1	المنصفي		‎المنصف [قرية بغربي بلنسية]	Almusafes	39.292433	-0.413858	
LUG01532	1	NA		منزل عطاء	Mislata	39.474736	-0.416029	
LUG00071	1	الوشقي		وشقة	Huesca	42.133333	-0.416667	
LUG01445	1	البطرني		بطرنة	Paterna	39.503376	-0.437099	
LUG00354	1	القسنطاني		قسطنطانية / قسنطانية	Cocentaina	38.7451583	-0.4396248	
LUG01528	1	المتيطي		متيطة	Matet	39.937722	-0.468729	
LUG00785	1	البقساني		بقسانة	Picassent?	39.3404337	-0.4691097	
LUG00519	1	اللقنتي		لقنت	Alicante	38.345278	-0.483056	
LUG00304	1	الشبربي		شبرب	Segorbe	39.848591	-0.488394	
LUG00978	1	الكولي		كولية	La Alcudia	39.195833	-0.507222	
LUG01016	1	الأغرشي		أغرش/أبرش	Agres	38.779722	-0.516111	
LUG00019	1	الشاطبي		شاطبة	Játiva	38.988729	-0.519154	
LUG00251	1	الشارقي		شارقة	Jérica	39.911829	-0.571227	
LUG00484	1	الأشبري		أشبرة	Osera de Ebro?	41.534361	-0.580646	
LUG00356	1	اللري		لرية	Liria	39.625829	-0.59611	
LUG01149	1	الأنتنياني		أنتنيان	Onteniente	38.8220593	-0.6063927	
LUG01023	1	البكيراني		بكيران	Bocairente	38.7561207	-0.6204165	
LUG00210	0	الوهراني		وهران	Orán	35.696944	-0.633056	
LUG01288	1	الاشتركوىي		اشتركوى	Estercuel	40.8546366	-0.6334462	
LUG00945	1	الالشي		الش (كورة)	Elche (cora)	38.266944	-0.698333	
LUG00097	1	الألشي		ألش	Elche	38.266944	-0.698333	
LUG00661	1	البلشيدي		بلشيد / بلشيذ / بلجيطيه  [عمل سرقسطة]	Belchite	41.304755	-0.75502	
LUG01147	1	البنيولي		بنيول	Buñol	39.424357	-0.786317	
LUG00260	1	الشريوني		شريون	Sarrión	40.141511	-0.814251	
LUG00497	1	البلياني		بليانة	Villena	38.635	-0.865833	
LUG01383	1	القليوشي		قليوشة	Callosa	38.119863	-0.87664	
LUG00010	1	السرقسطي		سرقسطة	Zaragoza	41.65	-0.883333	
LUG00449	1	البقصري		بقصرة	Bigastro	38.0610751	-0.8949293	
LUG00126	1	الأريولي		أوريولة / أريولة / أريول	Orihuela	38.085556	-0.946944	
LUG00447	1	القرطاجني		قرطاجنة	Cartagena	37.6256827	-0.9965839	
LUG00687	1	البونتي		البونت (حصن، قلعة)	Alpuente	39.875556	-1.013611	
LUG00858	1	NA		جبل عمرو	Javalambre	40.075	-1.0647222	
LUG00373	1	الايالهي		اياله [من قبلي مرسية]	Ayelo ?	37.95	-1.083333	
LUG01372	1	اليكي		يكة	Yecla	38.6122134	-1.110112	
LUG00889	1	اللغوني		لغون [من عمل سرقسطة]	Alagón ?	41.766667	-1.116667	
LUG00835	1	الحرالي		حرالة	Alarilla	37.9778	-1.1204	
LUG00140	1	التدميري		تدمير	Tudmīr	37.986111	-1.130278	
LUG00018	1	المرسي		مرسية	Murcia	37.986111	-1.130278	
LUG00085	0	الحبيبي		جزيرة حبيبة	Isla Ḥabība	35.724722	-1.133333	
LUG00456	1	القتندي		قتندة	Cutanda	40.932894	-1.183195	
LUG01135	1	الكتندي		كتندة	Cutanda	40.932894	-1.183195	
LUG01274	1	المليني		ملينة	Molina	38.05402	-1.213274	
LUG01353	1	الالفهميني		الفهمين	Alfamén	41.438364	-1.243173	
LUG01494	1	الروطي		روطة (الثغر الأعلى)	Rueda de Jalón	41.633103	-1.274734	
LUG00146	0	التلمساني		تلمسان/ تلمسين	Tremecén	34.882778	-1.316667	
LUG01256	1	الجملي		جملة	Jumilla	38.47939	-1.324162	
LUG01159	1	الرقوطي		رقوط	Ricote	38.1536867	-1.365613	
LUG00725	1	الركلي		ركلة	Ricla	41.5057479	-1.402413	
LUG00641	1	الدورقي		دروقة / دورقة	Daroca	41.11319	-1.416951	
LUG01188	1	NA		الحمة [من أعمال مرسية]	Alhama de Murcia	37.851389	-1.426389	
LUG00119	1	الشنتمري		شنتمرية الشرق	Albarracín	40.405312	-1.444032	
LUG00934	0	الأرشقولي		أرشقول	Rachgoun	35.323958	-1.479767	
LUG00875	1	NA		برجة [سرقسطة]	Borja	41.83654	-1.528127	
LUG01239	1	المولي		مولة	Mula	38.0951412	-1.5596117	
LUG00152	1	التطيلي		تطيلة	Tudela	42.065278	-1.606667	
LUG00106	1	NA		قلعة أيوب	Calatayud	41.35	-1.633333	
LUG00709	1	البطرقولي		بطرور / بطرقول	Paracuellos de Jiloca ?	41.315114	-1.642139	
LUG00634	1	البنبلوني		بنبلونة	Pamplona	42.8116631	-1.6482653	
LUG00896	1	الشاري		الشارة / شارة فليين [بجوفي مرسية]	Sierra	38.561874	-1.660095	
LUG00040	1	اللورقي		لورقة	Lorca	37.683333	-1.7	
LUG00296	1	الطرسوني		طرسونة	Tarazona	41.90287	-1.722125	
LUG00669	1	الجنجالي		جنجالة	Chinchilla de Monte-Aragón	38.919603	-1.726366	
LUG01314	1	الشنتجالي		شنتجالة	Chinchilla de Monte-Aragón	38.919603	-1.726366	
LUG01129	0	الندرومي		ندرومة	Nedroma	35	-1.733333	
LUG00803	1	الينشتي		يناشتة / ينيشتة / ينشتة	Iniesta	39.440873	-1.741918	
LUG01462	1	NA		صخرة قيس	Roca de Qays	42.793889	-1.79	
LUG01198	1	المجلقري		مجلقر	Mojácar	37.140597	-1.850633	
LUG00879	1	القرباقي		قرباقة	Caravaca	38.1041892	-1.8609152	
LUG00697	0	الوجدي		وجدة	Oujda	34.689167	-1.911389	
LUG00906	1	الوركلي		وركل (حصن)	Huércal-Overa	35.4464	-1.943496	
LUG01523	1	القلهري		قلهرة	Calahorra	42.303333	-1.964722	
LUG00714	1	الشقوبسي		شقوبس	Socovos	38.333333	-1.966667	
LUG01282	1	NA		مرسى جبل الفتح	Puerto de Gibraltar	21.1189855	-101.6973217	
LUG01396	0	الأزكوي		أزكي	Azugi/Azougui	20.405278	-13.111111	
LUG00364	1	اليالشي		يالش_قرية	Elche de la Sierra ?	38.448363	-2.048995	
LUG00270	1	البلسي		بلس	Vélez-Rubio	37.649071	-2.0801789	
LUG01411	1	الالغبطي		الغبطة	Cabo de Gata	36.72189	-2.19297	
LUG00718	1	القنتوري		قتورية/ قبتورية / قنتورية	Cantoria	37.352456	-2.193481	
LUG01181	1	الطيبالي		طيبالة	Taibilla (Albacete)	38.1881201	-2.2593466	
LUG00667	1	الشنشي		شنش (حصن)	Senés	37.20249	-2.34366	
LUG00211	1	البرشاني		برشانة	Purchena	37.348056	-2.360556	
LUG01247	1	البلفيقي		بلفيق (حصن)	Velefique	37.1946696	-2.4029645	
LUG00200	1	البلقيني		بلقين	Velefique ?	37.1946696	-2.4029645	
LUG00141	1	السالمي		مدينة سالم	Medinaceli	41.172222	-2.435278	
LUG00593	1	التاجلي		تاجلة (حصن)	Tíjola	37.3457002	-2.4369316	
LUG00042	1	البجاني		بجانة	Pechina	36.915094	-2.440698	
LUG01315	1	الوركري		وركر	Huércal de Almería	36.882369	-2.440755	
LUG01101	1	الحوضي		الحوض	El Aljibe	36.833333	-2.45	
LUG00024	1	المري		المرية	Almería	36.833333	-2.45	
LUG00255	1	NA		قصبة المرية	Alcazaba (Almería)	36.841111	-2.471667	
LUG00719	1	الدوجري		دوجر_حصن	Santa Fe de Mondújar	36.973804	-2.530776	
LUG00800	1	اللبرقاطي		لبرقاط	Llobregat	37.8139884	-2.5432309	
LUG00454	1	الحمي		الحمة (المرية)	Alhama de Almería	36.957455	-2.566769	
LUG00932	1	القولي		قولية / كولية	Cúllar (Baza)	37.5828301	-2.5705729	
LUG00095	1	المرشاني		مرشانة (المرية) (حصن)	Santa Cruz de Marchena	37.017022	-2.601564	
LUG00472	1	الواسجي		واسجة (قرية)	Huécija	36.9678433	-2.6096244	
LUG00702	1	الشقوري		شقورة (معقل)	Segura de la Sierra	38.298225	-2.652075	
LUG01479	1	الوبذهي		وبذه	Huete	40.1435	-2.689723	
LUG01248	1	القنالشي		قنالش	Caniles	37.434199	-2.724504	
LUG01459	1	الناجري		ناجرة (قصر)	Nájera (alcázar)	42.415833	-2.734167	
LUG00722	1	القنجايري		قنجاير	Canjáyar	37.010445	-2.740622	
LUG00175	1	القنجيري		قنجيرة	Canjáyar	37.010445	-2.740622	
LUG00213	1	البسطي		بسطة	Baza	37.488864	-2.770981	
LUG00832	1	القشتيلي		قشتيل	Castril	37.7956625	-2.7801596	
LUG01243	1	الفنياني		فنيانة	Fiñana	37.1709472	-2.8415046	
LUG00056	1	الأقليشي		أقليش	Uclés	39.981944	-2.862222	
LUG00555	1	الأنيشي		أنيشة	Atienza?	41.19842	-2.86947	
LUG00507	1	النشيرهي		نشيره / بشيرة	* Bušarrat Banī Ḥassān ?	36.821458	-2.870206	
LUG00508	1	الدلاوي		دلاية	Dalías	36.8214329	-2.8714275	
LUG00224	0	المليلي		مليلة	Melilla	35.2922775	-2.9380973	
LUG01264	1	NA		بشارة بني حسان	* Bušārrat Banī Ḥassān	36.84842	-2.946275	
LUG01227	1	NA		برجة بني حسان	Berja	36.84842	-2.946275	
LUG00956	1	NA		موضع بني حسان [من إلبيرة]	Berja ?	36.84842	-2.946275	
LUG00254	1	البرجي		برجة	Berja	36.84842	-2.946275	
LUG00498	1	القلصادي		القلصادة	Sto. Domingo de la Calzada?	42.440194	-2.950022	
LUG00618	1	البكري		بكور (قرية) / باكور (حصن) / بكر	Bácor	37.531667	-2.953889	
LUG00599	1	الشالشي		شالش	Charches ?	37.294167	-2.956944	
LUG01344	1	NA		قنب اليمن (إقليم)	Qanb del Yemen	37.369444	-2.969444	
LUG00114	0	التنبكتوي		تنبكتو	Tombuctú	16.775833	-3.009444	
LUG01010	1	القيجاطي		قيجاطة / قيشاطة	Quesada	37.842982	-3.066921	
LUG00866	1	الششتري		ششتر (قرية )	Exfiliana	37.266944	-3.103611	
LUG00617	1	الجلياني		جليانة	Exfiliana	37.2669444	-3.1036111	
LUG00658	1	الطرشي		طرش (وادي آش)	Ṭurruš (Guadix)	37.299552	-3.137125	
LUG00044	1	الوادي آشي		وادي آش	Guadix	37.299552	-3.137125	
LUG00950	1	الأرنتيري		أرنتيرة/أرينتيرة	Lanteira	37.1662702	-3.1404824	
LUG00107	1	الحجاري		وادي الحجارة	Guadalajara	40.633333	-3.166667	
LUG00064	1	الفرجي		مدينة الفرج	Guadalajara	40.633333	-3.166667	
LUG00411	1	البولنقي		بولنق	Paulenca	37.2946705	-3.1705095	
LUG00551	1	القديري		قدير	Cádiar	36.945971	-3.1785935	
LUG00529	1	NA		قصر عطية	Alcázar de San Juan	39.390101	-3.210235	
LUG00694	1	الملساني		ملسانة_قرية [من إقليم قلوبشر من قرى غرناطة]	Melicena ?	36.751667	-3.236389	
LUG01317	1	القشثري		قشثر / بنشير	Cástaras?	36.931389	-3.253611	
LUG00646	1	اللبسي		لبسة (حصن)	La Peza	37.275694	-3.2857249	
LUG00290	1	الشوذري		شوذر	Jódar	37.840679	-3.350359	
LUG01394	1	NA		قلعة عبد السلام	Alcalá de Henares	40.481389	-3.368056	
LUG00542	1	الغرماجي		غرماج (حصن)	Gormaz (castillo)	40.6812412	-3.3702344	
LUG00291	1	الأبذي		أبذة	Úbeda	38.0114236	-3.3712457	
LUG01480	1	الأرحبي		أرحبة	Órgiva	36.9017931	-3.4232213	
LUG01307	1	البشراتي		البشرات / البشرة /بشراة غرناطة / بشرة غرناطة	Las Alpujarras	36.900278	-3.423889	
LUG01058	1	الولمي		ولمة	Huelma	37.6480579	-3.4561456	
LUG00294	1	البياسي		بياسة	Baeza	37.997946	-3.469322	
LUG01393	1	الأنجروني		الأنجرون	Lanjarón	36.918873	-3.483309	
LUG00314	1	المنتشاقري		منتشاقر	Montejícar	37.572319	-3.503127	
LUG00320	1	الطلمنكي		طلمنكة	Talamanca de Jarama	40.7451696	-3.5111468	
LUG00501	1	التملاكي		تملاك	Tembleque	39.6605313	-3.5205641	
LUG00430	1	البراجلي		براجلة غرناطة	Barāğila de Granada	37.626944	-3.538333	
LUG01242	1	البنيولي		البنيول	Arbuniel	37.6269444	-3.5383333	
LUG00597	1	النوالشي		نوالش (حصن، قرية)	Nigüelas	36.9787471	-3.5388943	
LUG00635	1	البزنري		بزنر / بزبز/بزتر_قرية [من إقليم غرناطة]	Béznar	36.927222	-3.541944	
LUG01207	1	الآشي		الآش/الآشر_إقليم	Lecrín ?	36.947707	-3.551143	
LUG00313	1	الإقليمي		الإقليم	Lecrín	36.947707	-3.551143	
LUG01018	1	الجيطي		الجيطة (قرية)	Chite	36.938333	-3.555556	
LUG00784	1	القنبيلي		قنبيل (حصن)	Cambil	37.676644	-3.564584	
LUG00520	1	الدوركري		دوركر (قرية)	Dúrcal	36.99105	-3.566257	
LUG00541	1	القيساني		قيسانة	Caicena ?	37.145278	-3.569444	
LUG01466	1	الوتري		وتر الكبرى	Huétor Vega	37.145278	-3.569444	
LUG01559	1	الفخاري		الفخار	Alfacar	37.236667	-3.570833	
LUG00596	1	القشتالي		قشتالة (قرية)	Qaštāla (La Zubia)	37.1197161	-3.5843792	
LUG00595	1	الشلوبانيي		شلوبانية / شلوبينية	Salobreña	36.7429438	-3.5850658	
LUG00419	1	العقابي		العقاب	Navas de Tolosa	38.2869444	-3.5863889	
LUG01019	1	القنجي		قنجة (قرية)	Cónchar	36.966389	-3.588056	
LUG00502	1	الالفنتي		الفنت(قرية)	Deifontes	37.3390781	-3.5913939	
LUG00568	1	الأفرخشي		أفرخش (قرية)	El Frage	37.3894296	-3.5917104	
LUG00127	1	الإلبيري		شون (إلبيرة)	Jun	37.220556	-3.594444	
LUG01277	1	السكوني		سكون (قرية)	Jun ?	37.220556	-3.594444	
LUG00704	1	الشالوسي		شالوس_قرية [من إقليم الأشر من غرناطة]	Saleres ?	36.929722	-3.597778	
LUG01034	1	الشلارسي		شلارس (قرية)	Saleres	36.929722	-3.597778	
LUG01518	1	NA		باب إلبيرة	Puerta (Elvira)	37.182144	-3.599567	
LUG01521	1	NA		قيسارية (غرناطة)	Alcaicería (Granada)	37.178056	-3.600833	
LUG00829	1	NA		مقبرة باب إلبيرة	Cementerio de Bāb Ilbīra	37.178056	-3.600833	
LUG00416	1	NA		مقبرة شقستر	Cementerio de Šuqastir	37.178056	-3.600833	
LUG00955	1	البيازيني		البيازين (ربض)	Albaicín	37.178056	-3.600833	
LUG00025	1	الغرناطي		غرناطة	Granada	37.178056	-3.600833	
LUG00647	1	القلجري		قلجر (قرية)	Gójar	37.1044782	-3.6035205	
LUG00648	1	الأجيجري		أجيجر	Ogíjares	37.1200095	-3.6079451	
LUG01208	1	البذولي		البذول (قرية)	El Padul	37.0215109	-3.626021	
LUG00791	1	الأرنيرهي		أرنيره (قرية)	Venta de Andar ?	37.454305	-3.630298	
LUG00309	1	الهمداني		همدان (قرية، إقليم)	Alhendín	37.107778	-3.645833	
LUG01460	1	الجريري		أبو جرر / جرير (إقليم)	Abū Ğarīr / Ğarar (iqlīm)	37.230556	-3.657222	
LUG00777	1	القولدي		قولد_قرية [من قرى إلبيرة]	Cúllar Vega ?	37.153056	-3.670556	
LUG00256	1	المنكبي		المنكب (مدينة)	Almuñécar	36.733889	-3.691111	
LUG00524	1	المجريطي		مجريط	Madrid	40.418889	-3.691944	
LUG00222	1	المنتيشي		منتيشة	La Guardia	37.741944	-3.6925	
LUG00006	1	الإلبيري		إلبيرة	Elvira	37.231148	-3.708329	
LUG00558	1	القربساني		قربسانة (قرية)	Caparacena	37.265	-3.7138889	
LUG00773	1	الملاحي		الملاحة	La Malahá	37.101712	-3.721669	
LUG00929	1	القنتيشي		قنتيش (جبل)	Jabalquinto	38.019526	-3.725588	
LUG01406	1	الشوشي		شوش	El Jau ?	37.196111	-3.740833	
LUG01447	1	NA		ربض الندامى	Arrabal de al-Nadāmà	40.463667	-3.74922	
LUG01448	1	البلكوني		بلكونة	Porcuna	40.463667	-3.74922	
LUG01488	1	القنبي		قنب قيس (إقليم)	Quempe o Temple (iqlīm)	37.061944	-3.761111	
LUG00049	1	الجياني		جيان	Jaén	37.769722	-3.788889	
LUG00723	1	الفنداقي		الفنداق (حومة )	* al-Fundāq	37.769722	-3.788889	
LUG00246	1	الرباحي		قلعة رباح / قلعة الرباح	Calatrava la Vieja	39.074339	-3.832522	
LUG00851	1	الأفرليشي		أفرليش	Frailes	37.4866445	-3.8381772	
LUG00567	1	الابري		ابرة (قرية) [من إقليم أونيل]	* Abra	37.250556	-3.858056	
LUG01397	1	الولمشي		ولمش	Olmos	40.141667	-3.917222	
LUG01522	1	المغامي		مغام	Magán	39.96	-3.931944	
LUG01539	0	الناكوري		ناكور	Nākūr	35.24917	-3.93278	
LUG01541	0	المزمي		المزمة	Alhucemas	35.25	-3.933333	
LUG00458	0	النكوري		نكور	Nakkur	35.25	-3.933333	
LUG00400	1	NA		صخرة الواد (قرية)	*Peña del río ?	37.44511	-3.946944	
LUG00007	1	NA		قلعة يحصب	Alcalá la Real	37.44511	-3.946944	
LUG00443	1	NA		قلعة بني سعيد	Alcalá la Real	37.44511	-3.946944	
LUG01275	1	الأشعثي		قلعة الأشعث	Alcalá la Real	37.44511	-3.946944	
LUG00556	1	القلعي		القلعة (حصن)	Alcalá la Real	37.44511	-3.946944	
LUG01285	1	الطرشي		طرش	Torrox	36.7544783	-3.9514923	
LUG00465	1	NA		وادي الحمة	Río Alhama	36.9457376	-3.9651408	
LUG00751	1	المارتشي		مارتش	Martos	37.72213	-3.968844	
LUG00809	1	NA		الحمة_حصن [من كورة ريه]	Alhama de Granada	37.0025	-3.98839	
LUG00917	1	المنتفريدي		منتفريد (حصن)	Montefrío	37.32085	-4.005126	
LUG01538	1	الالأركي		الأرك	Alarcos	38.9571	-4.01017	
LUG00847	1	اليعشيشي		يعشيش (قرية)	Batarxis	36.798056	-4.011944	
LUG00079	0	التازى		تازى، رباط	Taza	34.216667	-4.016667	
LUG00942	0	التازي		مكناسة تازة	Taza	34.216667	-4.016667	
LUG00563	1	البرغشي		برغش	Bargas	39.94	-4.019444	
LUG01440	1	NA		ربض طليطلة	Arrabal (Toledo)	39.866667	-4.033333	
LUG00043	1	الطليطلي		طليطلة	Toledo	39.866667	-4.033333	
LUG00758	1	القورتي		قورت (قرية)	* Cuarto ?	37.196508	-4.046857	
LUG00711	1	الأندوجري		أندوجر/ أندوشر	Andújar	38.04047	-4.054912	
LUG01290	1	الأرجوني		أرجونة	Arjona	37.935682	-4.061769	
LUG01487	1	NA		البلاط (قرية)	*al-Balāṭ	38.845833	-4.063611	
LUG00427	1	الكركي		كركي	Caracuel	38.845833	-4.063611	
LUG00384	1	القبداقي		القبذاق / قبداق	Alcaudete	37.5893	-4.08999	
LUG01533	1	الشكنبي		شكنب (قرية)	Agicampe	37.2075	-4.099394	
LUG01380	1	الشمجلي		شمجلة	Chauchillas	36.783333	-4.1	
LUG00385	1	البلشي		بلش/ بليش (حصن، مدينة)	Vélez-Málaga	36.7799228	-4.1005589	
LUG00820	1	NA		المدور الأقصى	Almodóvar del Campo	38.718611	-4.166667	
LUG00726	1	البشكلاري		بشكلار (قرية)	Llanos de Pezcolar (Porcuna) (alquería)	37.869722	-4.187222	
LUG00237	1	الباغهي		باغه	Priego	37.438685	-4.194618	
LUG00022	1	الوقشي		وقش	Huecas	40.011389	-4.195278	
LUG00628	1	القمارشي		قمارش	Comares	36.8489746	-4.2482103	
LUG01095	1	اللكي		لك (حصن)	Luque	37.5583389	-4.277358	
LUG00051	0	السجلماسي		سجلماسة	Siğilmāsa	31.28	-4.28	
LUG01540	0	الباديسي		باديس	Bādīs	35.172581	-4.300803	
LUG00892	1	الاشري		الاشر	Iznájar	37.2571916	-4.3070793	
LUG00330	1	البياني		بيانة	Baena	37.613621	-4.326602	
LUG00343	1	المكادي		مكادة (قرية)	Maqueda	40.067983	-4.368483	
LUG00413	1	المنتوري		منتور (حصن)	Montoro	38.021674	-4.382812	
LUG00514	1	الأرجذوني		أرجذونة	Archidona	37.0951534	-4.3879947	
LUG00862	1	NA		جبل فاروق	Gibralfaro	36.7235111	-4.4107111	
LUG00026	1	المالقي		مالقة	Málaga	36.716667	-4.416667	
LUG00532	1	البلدي		بلدة	Belda (Cuevas de San Marcos)	37.26694	-4.41761	
LUG01471	1	NA		منزل أبي هبيرة	* Manzil Abī Hubayra	37.471815	-4.433562	
LUG01509	1	NA		واسط قبرة	Wāsiṭ de Cabra	37.471815	-4.433562	
LUG00352	1	الأختياني		أختِيانة (قرية)	Uḫtiyāna (alquería)	37.471815	-4.433562	
LUG00230	1	القبري		قبرة	Cabra	37.471815	-4.433562	
LUG01550	0	المغيلي		مغيلة فاس	Mghila	33.7690946	-4.4619533	
LUG01328	1	القاستري		قاسترة / قاشتره / ناسترة / نشويرة / قاشرة	Castro del Río ?	37.691160000000004	-4.482695	
LUG00285	1	اليساني		اليسانة	Lucena	37.40564	-4.485322	
LUG00665	1	NA		القصير (حصن)	Alcocer (El Carpio)	37.933333	-4.5	
LUG01556	1	الأنتقيري		أنتقيرة	ِAntequera	37.018365	-4.559665	
LUG00435	1	السهيلي		سهيل	Fuengirola	36.544148	-4.6249439	
LUG00582	1	القرطمي		قرطمة	Cártama	36.711252	-4.630572	
LUG00789	1	المنشاوي		منشر / المنشاة [قرية من مالقة]	Osunillas ?	36.595556	-4.637222	
LUG01221	1	الذكواني		ذكوان (قرية)	Coín	36.659484	-4.753782	
LUG00495	1	NA		بلاط الحر	Balāṭ al-Ḥurr	37.883333	-4.766667	
LUG00154	1	NA		غدير بني ثعلبة	* Gadīr Banī Ṯaʿlaba	37.88818	-4.77938	
LUG00900	1	NA		مقبرة الكلاعي (قرطبة)	Cementerio de al-Kalāʿī	37.88818	-4.77938	
LUG01439	1	NA		منية المغيرة	Munyat al-Mugīra	37.88818	-4.77938	
LUG01423	1	NA		روضة الصلحاء	Rawḍat al-ṣulaḥāʾ	37.88818	-4.77938	
LUG01469	1	الخياطيني		منية الخياطين	Munyat al-Ḫayyāṭīn	37.88818	-4.77938	
LUG00649	1	الزجاجلي		مقبرة الزجاجلة (قرطبة)	Cementerio de los Zağğālíes	37.88818	-4.77938	
LUG01478	1	المغيثي		بلاط مغيث	Balāṭ Mugīṯ	37.9	-4.77938	
LUG01419	1	NA		مسجد يوسف بن بسيل	Mezquita de Yūsuf b. Basīl	37.8881751	-4.7793835	
LUG00004	1	القرطبي		قرطبة	Córdoba	37.8881751	-4.7793835	
LUG00181	1	البلوطي		فحص البلوط	Los Pedroches	38.4705231	-4.8105955	
LUG00094	1	الطلبيري		طلبيرة	Talavera	39.966667	-4.833333	
LUG00408	1	الببشتري		ببشتر	Bobastro	36.877778	-4.844722	
LUG00548	1	الخشيني		خشين	Ojén?	36.5654302	-4.8553046	
LUG00946	1	البجاني		بجانة [قرية من عمل الزهراء]	*Bağğāna	37.886	-4.867639	
LUG00453	1	الزهرائي		الزهراء (مدينة)	Medina Azahara	37.886	-4.867639	
LUG01413	0	الغرري		تاز غررة	Tazghadra	34.62	-4.87	
LUG00096	1	الاسطبي		اسطبة	Estepa	37.291667	-4.879167	
LUG01284	1	الأصطبي		أصطبة	Estepa	37.291667	-4.879167	
LUG01240	1	المربلي		مربلة	Marbella	36.510071	-4.8824474	
LUG00949	1	الإطابي		إطابة/طابة [عمل تاكرنا]	Teba	36.983253	-4.918404	
LUG00016	0	الفاسي		فاس	Fez	34.044167	-5.001944	
LUG00990	1	NA		المدور الأدنى	Almodóvar del Río	37.811047	-5.019371	
LUG00118	1	المدوري		سهلة المدور	Llano de Almodóvar	37.811047	-5.019371	
LUG00226	1	البقري		البقر (عقبة)	El Vacar (desfiladero)	38.18772	-5.020406	
LUG00584	1	NA		منت ميور_حصن	Montemayor	36.522222	-5.044167	
LUG00155	1	NA		بلاط أبي العجنس (قرية)	Balāṭ Abī l-ʿAğannas (alquería)	37.541111	-5.079167	
LUG00433	1	NA		مقبرة المقصلة (أستجة)	Cementerio de al-Muqaṣṣala	37.541111	-5.079167	
LUG00060	1	الأستجي		أستجة	Écija	37.541111	-5.079167	
LUG00015	1	الأشوني		أشونة	Osuna	37.237222	-5.103056	
LUG01260	1	الاستبي		استبة	Estepona	36.42985	-5.149141	
LUG01241	1	الإستبوني		إستبونة	Estepona	36.42985	-5.149141	
LUG01250	1	الإسطبوني		إسطبونة	Estepona	36.42985	-5.149141	
LUG00206	1	الرندي		رندة	Ronda	36.742516	-5.159355	
LUG00494	1	الغافقييني		الغافقيين (قرية)	Belalcázar ?	38.566667	-5.166667	
LUG00757	1	الغافقي		غافق (مدينة)	Belalcázar	38.577061	-5.167745	
LUG00589	1	الفرنجولشي		فرنجولش (حصن)	Hornachuelos (ḥiṣn)	37.832254	-5.248245	
LUG00902	0	NA		عدوة سبتة	Ceuta	35.888333	-5.315556	
LUG00023	0	السبتي		سبتة	Ceuta	35.888333	-5.315556	
LUG01219	1	NA		جبل الفتح	Gibraltar	36.140751	-5.353585	
LUG01376	1	البنيونشي		بنيونش (قرية)	Belyounech	35.91268	-5.401437	
LUG00402	1	القسطلي		قسطلة	Castellar de la Frontera	36.306798	-5.447571	
LUG01461	1	القصري		القصر	Castellar de la Frontera	36.306798	-5.447571	
LUG00868	1	المتيطي		متيطة	* Mattīṭa	36.133333	-5.45	
LUG00069	1	الموروري		مورور	Morón de la Frontera	37.122222	-5.451667	
LUG00077	1	الخضرائي		الجزيرة الخضراء	Algeciras	36.1329769	-5.453909	
LUG00250	1	المرشاني		مرشانة	Marchena	37.5	-5.5	
LUG01166	0	الزرهوني		زرهون	Zerhoun	34.05	-5.516667	
LUG00985	1	اللوري		لورة	Lora	37.657589	-5.529873	
LUG00870	0	المكناسي		مكناسة / مكناسة الزيتون	Mequinez	33.895	-5.554722	
LUG01137	0	NA		معدن عوام	Maʿdin ʿAwām	33.166667	-5.566667	
LUG00629	1	الطريفي		طريف (جزيرة)	Tarifa	36.016667	-5.6	
LUG00506	1	البيراني		بيران (حصن)	Bairén	36.0705552	-5.6012426	
LUG00378	1	الفريشي		فريش	Constantina del Hierro	37.953136	-5.6168834	
LUG00125	1	القرموني		قرمونة	Carmona	37.471111	-5.642222	
LUG00737	0	الفازازي		جبل فازاز	Montaña de Fezaz	32.939444	-5.6675	
LUG01324	1	الخولاني		خولان (قلعة)	Alcalá de los Gazules	36.461881	-5.723889	
LUG01002	1	السموري		سمورة	Zamora	41.507326	-5.745313	
LUG00247	0	الطنجي		طنجة	Tánger	35.766667	-5.8	
LUG00274	1	الأركشي		أركش	Arcos	36.754711	-5.809829	
LUG00487	1	القلساني		قلسانة	Casinas (Arcos de la Frontera)	36.754711	-5.809829	
LUG00560	1	القطنياني		قطنيان	Cantillana ?	37.608877	-5.824445	
LUG00577	1	NA		قلعة جابر	Alcalá de Guadaíra	37.333333	-5.85	
LUG00825	1	الباطري		باطرية	Paterna de Rivera?	36.526227	-5.863631	
LUG01364	0	NA		بصرة المغرب	Basra	34.805278	-5.869722	
LUG00176	1	الترجالي		ترجاله / ترجالة	Trujillo	39.465278	-5.878889	
LUG00671	0	NA		قصر عبد الكريم	Alcazarquivir	34.998889	-5.902778	
LUG00105	1	البحيري		البحيرة	Al-Buḥayra	36.457671	-5.927273	
LUG00038	1	السليمي		مدينة ابن السليم	Medina Sidonia	36.457671	-5.927273	
LUG00008	1	الشذوني		شذونة	Sidonia	36.457671	-5.927273	
LUG01436	1	NA		كدية الخيل (إشبيلية)	* Kudyat al-Ḫayl	37.383333	-5.983333	إشبيلية
LUG00020	1	الإشبيلي		إشبيلية	Sevilla	37.383333	-5.983333	إشبيلية
LUG01427	1	القرموني		باب قرمونة (إشبيلية)	Puerta de Carmona (Sevilla)	37.383333	-5.983333	إشبيلية
LUG00193	1	المقريني		مقرينة	Macarena	37.6675364	-5.9976206	
LUG01326	1	الطرياني		طريانة (مدينة) / إطريانة	Triana	37.383581	-6.0052	
LUG01115	1	الالغابي		الغابة (قرية)	La Algaba	37.461532	-6.011246	
LUG00526	1	الشرفي		الشرف / شرف إشبيلية	Aljarafe	37.359722	-6.027778	إشبيلية
LUG00269	0	الأصيلي		أصيلة	Arcila	35.4666667	-6.0333333	
LUG00340	1	NA		شنت بوس	Santiponce ?	37.438611	-6.038333	
LUG01122	1	الأسترقي		أسترقة	Astorga	42.4580465	-6.0557539	
LUG00186	1	القبطلي		قبطل (جزيرة)	Isla Menor	37.1038889	-6.0636111	
LUG01382	1	الشبربري		شبربر / شبر (قرية)	Sobuerva	37.344444	-6.065278	
LUG00431	1	النبريشي		نبريشة (قرية)	Lebrija	36.919444	-6.078056	
LUG01493	1	النبريشي		نبريشة	Lebrija	36.919444	-6.078056	
LUG00937	1	الدجي		دُجّة [قرية بشريش]	Cortijo de Ducha	36.7655841	-6.082778	
LUG00039	1	الشريشي		شريش	Jerez	36.7	-6.116667	
LUG00775	1	المنتانجشي		منتانجش	Montánchez	39.22802	-6.1456229	
LUG00602	1	القبتوري		كبتور/ قبتور (جزيرة)	Isla Mayor	37.132466	-6.164808	
LUG00151	1	NA		حصن القصر	Aznalcázar	37.303969	-6.250892	
LUG00245	1	القادسي		قادس	Cádiz	36.5270612	-6.2885962	
LUG00130	1	الماردي		ماردة	Mérida	38.915833	-6.333333	
LUG00733	0	التادلاوي		تادلا	Tadla	32.339444	-6.360833	
LUG00365	1	الروطي		روطة	Rota	36.62629	-6.3629810000000004	
LUG00944	1	NA		طلياطة (حصن)	Tejada	37.448426	-6.365446	
LUG00808	0	NA		أغمات وريكة	Ourika	30.716667	-6.533333	
LUG01379	1	NA		حجر أبي خالد	Alájar	37.874614	-6.66506	
LUG00073	1	اللبلي		لبلة	Niebla	37.361439	-6.67787	
LUG00457	1	الوشتري		وشتر / وشتد (حصن)	Waštar / Waštad (hiṣn) (Niebla)	37.361439	-6.67787	
LUG01444	1	المنستيري		المنستير	Almonaster la Real	37.873272	-6.78613	
LUG00150	0	السلاوي		سلا	Salé	34.033333	-6.8	
LUG00731	0	الرباطي		رباط	Rabat	34.020882	-6.84165	
LUG00481	1	NA		قنطرة السيف	Alcántara (Cáceres)	39.718611	-6.883889	
LUG00403	1	الزلاقي		الزلاقة	Zalaca/Sagrajas	38.923056	-6.901389	
LUG01081	1	الأونبي		أونبة	Huelva	37.261421	-6.9447224	
LUG00799	1	البرجاني		برجانة [بغرب الأندلس]	Purchena (Chucena, Huelva)	37.261421	-6.9447224	
LUG00512	1	البرجلاني		برجلانة (قرية)	Dehesa de Purchena (Huelva)	37.261421	-6.9447224	
LUG00682	1	الشلطيشي		شلطيش	Saltés	37.1977002	-6.9504378000000004	
LUG01300	1	الأروشي		أروش	Aroche	37.943717	-6.953654	
LUG01489	1	NA		مقبرة غانم (بطليوس)	Cementerio de Gānim (Badajoz)	38.88	-6.97	
LUG00092	1	البطليوسي		بطليوس	Badajoz	38.88	-6.97	
LUG00797	1	الألبشي		ألبش	Elvas	38.8802788	-7.1636637	
LUG00790	1	اليلبشي		يلبش	Elvas	38.8802788	-7.1636637	
LUG01366	1	NA		قلنه_حصن [من حصون بطليوس]	Terena ?	38.620833	-7.411389	
LUG01109	1	الموري		مورة (حصن)	Moura (Portugal)	38.1406915	-7.4498183	
LUG00358	1	القسطلي		قسطلة الغرب	Cacela Velha	37.156944	-7.546389	
LUG00310	1	القسطلي		قسطلة دراج	Qasṭallat Darrāğ	37.156944	-7.546389	
LUG00691	1	الشربي		شربة (بغربي الأندلس)	Serpa	37.933333	-7.583333	
LUG00627	0	التامسناوي		تامسنا	Tamesna	33	-7.616667	
LUG00748	0	الأنفاوي		أنفا	Anfa	33.588333	-7.641944	
LUG00521	1	الطبيري		طبيرة	Tavira	37.1335906	-7.6430019	
LUG00849	1	المارتلي		مارتلة / ميرتلة / مرتلة	Mértola	37.6415148	-7.6606665	
LUG00027	0	الأغماتي		أغمات	Agmat	31.4225	-7.801111	
LUG01222	1	الشنبوسي		شنبوس_قرية	São Brás de Alportel	37.15	-7.883333	
LUG00046	1	الباجي		باجة (الأندلس)	Beja (al-Andalus)	38.033333	-7.883333	
LUG00244	1	اليابري		يابرة	Évora	38.571431	-7.913502	
LUG00262	1	الشنتمري		شنتمرية الغرب	Faro	37.016667	-7.933333	
LUG00180	1	المدليني		مدلين (حصن)	Medellín	6.235925	-75.575137	
LUG00013	0	المراكشي		مراكش	Marraquech	31.63	-8.008889	
LUG00257	1	العلياوي		العليا / المدينة العليا	Loulé (Portugal)	37.1379187	-8.020216	
LUG00598	0	التينمللي		تينملل	Tinmal	30.984444	-8.228611	
LUG00936	0	الأزموري		أزمور	Azemmur	33.287778	-8.342222	
LUG00091	1	الشلبي		شلب	Silves	37.183333	-8.433333	
LUG01003	1	القلمري		قلمرية	Coimbra	40.2023788	-8.447156	
LUG01456	1	القلنبري		قلنبرية	Coimbra	40.2023788	-8.447156	
LUG01402	1	NA		قصر أبي دانس	Alcácer do Sal	38.3725	-8.51945	
LUG01319	1	المرجيقي		مرجيق (حصن)	Marachique	37.1293892	-8.5764503	
LUG00240	1	الشنتريني		شنترين	Santarem	39.2366687	-8.6859944	
LUG00998	0	التارودانتي		تارودانت	Tarudante	30.466667	-8.866667	
LUG00084	1	الأشبوني		أشبونة/الأشبونة	Lisboa	38.716667	-9.166667	
LUG00993	0	الآسفوي		آسفى	Safi	32.283333	-9.233333	
LUG00588	0	الدكالي		دكالة	Dukala	32.283333	-9.233333	
LUG00426	1	الشنتري		شنترة (مدينة)	Sintra	38.8028687	-9.3816589	
LUG00504	0	السوسي		سوس المغرب	Sus	30.433333	-9.6	
LUG00638	0	السوسي		السوس	Sus	30.433333	-9.6	
LUG01176	1	الأنداري		أندارة	Ondara	38.825865	0.020552	
LUG00958	1	القطيني		قطين (قرية )	Catí /Prat de Catí	40.4713618	0.0227376	
LUG00441	1	البطروشي		بطروشة	* Pedreguer /  La Pedrera ?	38.840278	0.108611	
LUG00034	1	الداني		دانية	Denia	38.840278	0.108611	
LUG00489	1	البربشتري		بربشتر	Barbastro	42.0360435	0.1284404	
LUG00947	1	المنتشوني		منتشون (حصن)	Monzón	41.9157645	0.1928216	
LUG00921	0	التدلسي		تدلس	Ain Tedeles	35.994722	0.295556	
LUG00778	1	البنشكلي		بنشكلة (ثغر)	Peñíscola	40.349324	0.36117	
LUG00207	1	الطرطوشي		طرطوشة	Tortosa	40.811487	0.521685	
LUG00318	1	اللاردي		لاردة	Lérida	41.6175899	0.6200146	
LUG00981	1	البلغوي		بلغي	Balaguer	41.7919281	0.8060409	
LUG00805	1	الشقوري		شقورة [لاردة]	La Puebla de Segur?	42.247367	0.967273	
LUG00147	0	التنيسي		تنيس / تنس	Ténès	36.512222	1.304444	
LUG00295	0	التاهرتي		تاهرت	Tiaret	35.366667	1.316667	
LUG00162	0	التيهرتي		تيهرت	Tiaret	35.366667	1.316667	
LUG00223	1	اليابسي		يابسة	Ibiza	38.908951	1.428115	
LUG01412	0	الرقادي		رقادة	Raqada	35.596243	10.0569	
LUG01463	0	NA		باب سلم (القيروان)	Bāb Salam	35.666667	10.063333	
LUG00422	0	البنفزوي		بنفزوة	Banafzuwa	35.6	10.083333	
LUG01253	0	الزيادي		الزيادية	Ziyadiyya	35.62	10.083333	
LUG00030	0	القيرواني		القيروان	Qayrawan	35.666667	10.083333	
LUG01490	0	القابسي		قابس	Gabes	33.883333	10.116667	
LUG00608	0	المحمدي		المحمدية	Muhammadiyya	36.683333	10.15	
LUG00047	0	التونسي		تونس	Túnez	36.8	10.183333	
LUG00607	0	المرسى		مرسى تونس	El Marsa	36.876389	10.325278	
LUG00050	0	السوسي		سوسة	Susa	35.833333	10.633333	
LUG01510	0	NA		قصر الطوب	Qaṣr al-Ṭūb	35.7998	10.6666	
LUG00387	0	السفاقسي		سفاقس	Sfax	34.733333	10.766667	
LUG00843	0	الناصريي		الناصرية	Nāṣiriyya	34.733333	10.766667	
LUG00190	0	المهدوي		المهدية	Mahdiyya	35.5	11.066667	
LUG00198	0	الفوصري		فوصرة	Pantelaria	36.833333	11.95	
LUG00729	0	الزواري		زوارة	Zuwara	32.933333	12.083333	
LUG01497	0	البلمي		بلمة	Bilma	18.686667	12.919167	
LUG00111	0	الكانمي		كانم	Kanem	18.686667	12.919167	
LUG00032	0	الأطرابلسي		اطرابلس	Trípoli	32.902222	13.185833	
LUG00372	0	الصقلي		صقلية	Sicilia	38.116667	13.366667	
LUG00769	0	الصقليي		المدينة (صقلية)	Palermo	38.116667	13.366667	
LUG00371	0	السرقوسي		سرقوسة / سرقوصة	Siracusa	37.083333	15.283333	
LUG00522	0	السرتي		سرت	Sirte	31.205314	16.588936	
LUG01118	1	البرشلوني		برشلونة	Barcelona	41.3850639	2.1734035	
LUG01384	0	الملياني		مليانة	Miliana	36.3	2.233333	
LUG01437	1	الميورقي		ميورقة (حاضرة)	Mallorca (capital)	39.566667	2.649722	
LUG00028	1	الميورقي		ميورقة / ميرقة (جزيرة)	Mallorca (isla)	39.566667	2.649722	
LUG00033	0	البرقي		برقة	Barqa	32.4866667	20.8338889	
LUG00913	0	الاقريطشي		اقريطش	Creta	35.333333	25.133333	
LUG01280	0	البرصاوي		برسا / برصا	Bursa	40.183333	29.05	
LUG00036	0	الالإسكندري		الإسكندرية	Alejandría	31.2	29.916667	
LUG00908	1	البلانسي		بلانسة	Pollensa	39.8771939	3.0162026	
LUG00263	0	NA		جزائر بني مزغنا	Argel	36.766667	3.216667	
LUG00148	0	الجزائري		الجزائر	Argel	36.766667	3.216667	
LUG01362	0	التامدفوسي		تامتفوس / تامدفوس	Matifou	36.8107649	3.2357376	
LUG01555	0	NA		منية بني خصيب	al-Minya	28.1194	30.74444	
LUG01527	0	الدهروطي		دهروط	Dahrut	28.605	30.8033	
LUG00283	0	الفيومي		الفيوم	El Fayyum	29.308374	30.844105	
LUG01544	0	الأسيوطي		أسيوط	Asiut	27.183333	31.166667	
LUG01530	0	القليوبي		قليوب	Qalyūb	30.199722	31.205278	
LUG00179	0	الفسطاطي		الفسطاط	Al-Fustat	30	31.233333	
LUG01552	0	NA		منازل العز	Manāzil al-ʿIzz	30.05	31.233333	
LUG00115	0	القاهري		القاهرة	El Cairo	30.05	31.233333	
LUG00057	0	المصري		مصر	El Cairo	30.05	31.233333	
LUG01531	0	القرافي		القرافة	al-Qarāfa	30.046667	31.276389000000002	
LUG00311	0	NA		حوف مصر	Hof	29.866667	31.316667	
LUG01467	0	الحلواني		حلوان	Helwan	29.85	31.333333	
LUG01529	0	الأقشهري		أقشهر	Akshehir	38.35	31.416667	
LUG01186	0	البلبيسي		بلبيس	Bilbeis	30.421667	31.559167	
LUG01407	0	الأخميمي		أخميم	Ajmim	26.566667	31.75	
LUG00867	0	الدمياطي		دمياط	Damieta	31.416667	31.816667	
LUG01071	0	القلزمي		القلزم	Al-Qulzum	29.966667	32.55	
LUG01070	0	الفرماوي		الفرما	Tell al-Farama	31.05	32.6	
LUG00308	0	القناوي		قنا	Qena	26.155061	32.7160121	
LUG00277	0	القوصي		قوص	Qus	25.933333	32.766667	
LUG01168	0	الزعقي		تل الزعقة	Tall al-Zaʿqa	31.132072	33.803376	
LUG00931	0	الغزي		غزة	Gaza	31.516667	34.45	
LUG00392	0	العسقلاني		عسقلان	Ascalón	31.666667	34.566667	
LUG01068	0	الرملي		الرملة	Ramla	31.933333	34.866667	
LUG01473	0	الطرسوسي		طرسوس	Tarso	36.916667	34.895556	
LUG01067	0	القيساري		قيسارية	Cesarea	32.502244	34.908425	
LUG00336	0	الأيلي		أيلة	Ayla	29.530833	34.999722	
LUG01069	0	الصوري		صور	Tiro	33.266667	35.2	
LUG00880	0	NA		المسجد الأقصى	Mezquita al-Aqsà	31.783333	35.216667	
LUG01001	0	الإيليائي		إيلياء	Jerusalén	31.783333	35.216667	
LUG01049	0	القدسي		القدس	Jerusalén	31.783333	35.216667	
LUG00287	0	المقدسي		بيت المقدس	Jerusalén	31.783333	35.216667	
LUG00382	0	الصخري		الصخرة	Cúpula de la Roca	31.778	35.2354	
LUG01472	0	الأذني		أذنة	Adana	37	35.32	
LUG01066	0	الصيداوي		صيدا	Sidón	33.563056	35.368333	
LUG01042	0	البيساني		بيسان	Bīsān	32.5	35.5	
LUG01065	0	البيروتي		بيروت	Beirut	33.886944	35.513056	
LUG00884	0	الطبراني		طبرية	Tiberiades	32.789722	35.524722	
LUG01420	0	المديني		مدين	Madyan	27.6667	35.5833	
LUG00996	0	المصيصي		المصيصة	Misis	36.957857	35.623901	
LUG01499	0	التيناتي		التينات	al-Tīnāt	36.96	35.63	
LUG01121	0	المشغراوي		مشغرا	Mashgara	33.528056	35.651667	
LUG00984	0	الضبائي		ضباء	Duba	27.34925	35.696167	
LUG01431	0	الكركي		الكرك	Karak	31.183333	35.7	
LUG01064	0	الأطرابلسي		اطرابلس (الشام)	Trípoli (Líbano)	34.433333	35.85	
LUG00841	0	العماني		عمان	Ammán	31.95	35.933333	
LUG00657	0	الحوراني		حوران	Hauran	32.616667	36.1	
LUG00886	0	الأنطاكي		أنطاكية	Antioquía	36.2	36.15	
LUG01513	0	البعلبكي		بعلبك	Baalbek	34.006944	36.203889	
LUG01191	0	الربوي		الربوة	Rubwa	33.51	36.25	
LUG01057	0	NA		رباط الملك الناصر بسفح قاسيون	Ribat del rey al-Nāṣir en Ğabal Qāsiyūn	33.545833	36.286389	
LUG00153	0	القاسيوني		‎قاسيون	Ğabal Qāsiyūn	33.545833	36.286389	
LUG01481	0	NA		مقابر الصحابة (دمشق)	Tumbas de los Ṣaḥāba. Damasco	33.513056	36.291944	
LUG00082	0	الدمشقي		دمشق	Damasco	33.513056	36.291944	
LUG00014	0	العيذابي		عيذاب	ʿAydhab	22.330833	36.490278000000004	
LUG01340	0	السويدائي		السويداء	Sueida	32.7	36.566667	
LUG00793	0	الحمصي		حمص	Émesa	34.730833	36.709444	
LUG00380	0	الحماوي		حماة	Hama	35.133333	36.75	
LUG00479	0	NA		بداء يعقوب	Badāʾ Yaʿqūb	26.85	36.9	
LUG01512	0	القنسريني		قنسرين	Qinnasrin	35.998611	36.998056	
LUG01468	0	السلمي		سلمية الشام	Salamiyya de Siria	35.0118	37.0525	
LUG00083	0	الحلبي		حلب	Alepo	36.216667	37.166667	
LUG00335	0	NA		وادي القرى	Wādī l-qurà	26.616667	37.916667	
LUG01551	0	العلاوي		العلا	al-Ula	26.616667	37.916667	
LUG01261	0	الملطي		‎ملطية	Malatya	38.35	38.3	
LUG01389	0	السروجي		سروج	Suruç	36.976389	38.426944	
LUG01433	0	الرقي		الرقة	Raqqa	35.95	39.016667	
LUG00459	0	الحراني		حران	Ḥarrān	36.8775	39.033889	
LUG00248	0	الجدي		جدة	Yedda	21.543333	39.172778	
LUG01449	0	المرظهراني		مر الظهران	Marr al-Ẓahrān	21.32	39.2994	
LUG00174	0	المدني		المدينة	Medina	24.466667	39.6	
LUG00037	0	المكي		مكة	La Meca	21.416667	39.816667	
LUG01450	0	المنوي		منى	Minà	21.413333	39.893333	
LUG00339	1	المنورقي		منورقة / منرقة (جزيرة)	Menorca	39.9496287	4.1104449	
LUG00992	0	المليكشي		مليكش	Beni Mellikeche	36.433333	4.4	
LUG00338	0	المسيلي		مسيلة / المسيلة	Msila	35.701944	4.546944	
LUG00238	0	NA		قلعة بني حماد / قلعة حماد	Qalʿat Banī Ḥammād	35.81844	4.78684	
LUG01325	0	NA		بني حماد (بلاد)	País de los Banū Ḥammād	35.81844	4.78684	
LUG01502	0	الآمدي		آمد	Amida	37.91	40.24	
LUG00347	0	الدنيسري		دنيسر	Dunaysir	37.193889	40.586111	
LUG00788	0	الميافارقيني		ميافارقين	Silvan (Mayyāfāriqīn)	38.142222	41.001389	
LUG01432	0	النصيبيني		نصيبين	Nusaybin	37.078611	41.218056	
LUG01400	0	القاليقلاوي		قاليقلا	Qālīqalā / Erzurum	39.908611	41.276944	
LUG00940	0	الأرزني		أرزن	Arzan	38	41.7	
LUG01505	0	التلعفري		تلعفر	Tal Afar	36.379167	42.449722	
LUG00376	0	المنازجردي		مناز جرد	Malazgirt	39.147778	42.544167	
LUG01474	0	الهيتي		هيت	Hit	33.633333	42.816667	
LUG00055	0	الموصلي		الموصل	Mosul	36.34	43.13	
LUG01404	0	NA		الجزيرة (المشرق)	al-Ğazīra	36.38	43.13	
LUG01062	0	الزبيدي		زبيد	Zabid	14.2	43.316667	
LUG00054	0	العراقي		العراق	Iraq	33.223191	43.679291	
LUG00124	0	التكريتي		تكريت	Tikrit	34.61	43.68	
LUG00604	0	المتوكلي		المتوكلية	Mutawakkiliyya	34.198333	43.874167	
LUG01048	0	الإربلي		إربل	Irbil	36.1911111	44.0091667	
LUG01554	0	الأربيلي		أربيل‎‎	Erbil	36.191111	44.009167	
LUG01553	0	الثعباتي		ثعبات	T̲aʿbāt	13.55567	44.022026	
LUG01061	0	الصنعاني		صنعاء	Sanaa	15.35	44.2	
LUG01306	0	العلقاني		علقان	ʿAlqān	15.35	44.2	
LUG00117	0	اليماني		اليمن	Yemen	15.35	44.2	
LUG01484	0	العكبري		عكبر	Ukbara	33.85	44.233333	
LUG00216	0	الكوفي		الكوفة	Kufa	32.033333	44.4	
LUG00029	0	البغدادي		بغداد	Bagdad	33.333333	44.433333	
LUG01486	0	القادسي		القادسية	Qādisiyya	31.58	44.49	
LUG01304	0	المدايني		المداين	al-Madāʾin	33.093611	44.580556	
LUG00924	0	السلماسي		سلماس	Salmás	38.197222	44.765278	
LUG01063	0	العدني		عدن	Adén	12.8	45.0333333	
LUG00455	0	الواسطي		واسط	Wasit	32.338611	45.933611	
LUG00397	0	المراغي		المراغة	Maragheh	37.389167	46.2375	
LUG00766	0	الجنزي		جنزة	Ganja	40.682778	46.360556	
LUG00088	0	الدينوري		الدينور	Dinavar	34.5833333	47.4333333	
LUG00396	0	الأذربيجاني		أذربيجان	Azerbaiyán	40.143105	47.576927	
LUG00144	0	البصري		البصرة	Basora	30.5	47.816667	
LUG00208	0	السنجاري		سنجار	Sanğār	32.385833	48.354444	
LUG01119	0	الهمذاني		همذان	Hamadán	34.8	48.5166667	
LUG00317	0	الالأهوازي		الأهواز	Ahvaz	31.320278	48.669167	
LUG01438	0	التستري		تستر	Shushtar	32.045556	48.856667	
LUG01029	0	البروجردي		بروجرد	Borujerd	33.897222	48.901667	
LUG01498	0	الأبهري		أبهر	Abhar	36.146667	49.218056	
LUG01194	0	الحمزي		حمزة	Tala Hamza	36.705278	5.0375	
LUG00012	0	البجايي		بجاية	Bugía	36.75	5.0666667	
LUG00221	0	الطبني		طبنة	Tobna	35.397222	5.365833	
LUG01378	0	البسكري		بسكرة	Biskra	34.85	5.7333333	
LUG01503	0	الأرجاني		أرجان	Arrağān	30.595833	50.241667	
LUG01028	0	الكرجي		الكرج	Karaj	35.835556	51.010278	
LUG01443	0	الرازي		الري	Rayy	35.583333	51.433333	
LUG01161	0	الإصبهاني		إصبهان	Ispahán	32.633333	51.65	
LUG01303	0	السيرافي		سيراف	Siraf	27.666667	52.3425	
LUG01425	0	الشيرازي		شيراز	Shiraz	29.6	52.516667	
LUG00316	0	الفارسي		فارس	Persia	32.427908	53.688046	
LUG01526	0	الجرجاني		جرجان	Gorgán	36.838611	54.434722	
LUG01335	0	الأستراباذي		أستراباذ	Astarabad	36.84	54.44	
LUG01525	0	البسطامي		بسطام	Bastam	36.485278	54.999722	
LUG00564	1	الالزاهري		الزاهرة	al-Zāhira	22.5590272	56.0249982	
LUG00331	0	الكرماني		كرمان	Kermán	30.283333	57.083333	
LUG01442	0	النرماشيري		نرماشير	Narmashir	28.951111	58.695278	
LUG00391	0	النيسابوري		نيسابور	Nishapur	36.213333	58.795833	
LUG00840	0	الطوسي		طوس	Tus	36.454167	59.566944	
LUG00101	0	الكرتمي		كرتم	Kartam	36.3	59.6	
LUG00622	0	الميلي		ميلة	Mila	36.450278	6.264444	
LUG00301	0	القسطنطيني		قسطنطينة / قسنطينة	Constantina	36.365	6.614722	
LUG00390	0	السرخسي		سرخس	Sarakhs	36.545	61.157778	
LUG01032	0	السجستاني		سجستان	Sistan	30.96	61.86	
LUG00912	0	الشابشي		شابش	* Šābasa ?	37.662778	62.1925	
LUG00229	0	المروزي		مرو	Merv / Mary	37.662778	62.1925	
LUG00228	0	الهراوي		هراة	Herat	34.341944	62.203056	
LUG00333	0	البخاري		بخارى	Bujara	39.766667	64.433333	
LUG01545	0	النسفي		نسف	Qarshi	38.866667	65.8	
LUG00171	0	البلخي		بلخ	Balkh	36.75	66.9	
LUG00172	0	السمرقندي		سمرقند	Samarcanda	39.654167	66.959722	
LUG01546	0	الشاشي		الشاش	Taskent	41.308247	69.259769	
LUG01548	0	الأسبيجابي		أسبيجاب	Sayram	42.3	69.766667	
LUG01492	0	الباغاوي		باغا / باغاية	Baghaï	35.521944	7.114444	
LUG00827	0	البوني		بونة	Bona	36.9	7.766667	
LUG00626	0	النفطي		نفطة	Nefta	33.883333	7.883333	
LUG00670	0	الهندي		هند	India	20.593684	78.96288	
LUG01477	0	القسطيلي		قسطيلة	* Qasṭīla	33.916667	8.133333	
LUG00421	0	التوزري		توزر	Tozeur	33.92	8.14	
LUG00606	0	التقيوسي		تقيوس	Taqyūs	33.983333	8.216667	
LUG01126	0	القفصي		قفصة	Gafsa	34.416667	8.783333	
LUG00058	0	الأربسي		الأربس	Lorbeus	36.098611	8.921389	
LUG00826	0	الباجي		باجة (إفريقية)	Beja (Ifrīqiya)	36.733333	9.183333	
LUG00108	1	NA		المانة/ الماشة (حصن) [عمل شاطبة]	* al-Māša	NA	NA	
LUG01455	1	NA		بني طاهر (قرية)	* Banū Ṭāhir	NA	NA	
LUG01104	1	NA		القلعة	*al-Qalʿa	NA	NA	
LUG01309	1	NA		فج صالح	*Fağğ Ṣāliḥ	NA	NA	
LUG00167	1	NA		غليار_قرية [من عمل قرطبة]	*Galyār	NA	NA	
LUG00324	1	NA		حارة البحر_قرية [من وادي طرش]	*Ḥārat al-Baḥr	NA	NA	
LUG00483	1	NA		صخرة حيوة	*Ṣaḫrat Ḥaywa	NA	NA	
LUG01050	0	NA		الجبل	al-Ğabal	NA	NA	
LUG01024	0	NA		بلاد الجزيرة	al-Ğazīra	NA	NA	
LUG01008	0	NA		الحسينية [خارج القاهرة]	al-Ḥusayniyya	NA	NA	
LUG00619	0	NA		قصر كتامة	Alcazarquivir	NA	NA	
LUG01014	1	NA		منية ابن خصيب	Almunia de Ibn Ḫaṣīb	NA	NA	
LUG00970	1	NA		منية عجب	Almunia de ʿAğab	NA	NA	
LUG01354	0	NA		برجلة قيش	Bārğalat Qays	NA	NA	
LUG01507	1	NA		مقبرة الربض العتيقة	Cementerio antiguo del Arrabal	NA	NA	
LUG01390	1	NA		مقبرة الأحرش (المرية)	Cementerio de al-Aḥraš	NA	NA	
LUG01524	1	NA		مقبرة الغلقة	Cementerio de al-Galqa	NA	NA	
LUG01435	1	NA		مقبرة الحوض (المرية)	Cementerio de al-Ḥawḍ	NA	NA	
LUG00692	1	NA		مقبرة المصلى	Cementerio de al-Muṣallà	NA	NA	
LUG01430	1	NA		مقبرة العباس	Cementerio de al-ʿAbbās	NA	NA	
LUG01519	1	NA		مقبرة باب الحنش	Cementerio de Bāb al-Ḥanaš	NA	NA	
LUG01454	1	NA		مقبرة باب بجانة (المرية)	Cementerio de Bāb Bağğāna	NA	NA	
LUG01418	1	NA		مقبرة باب بيطالة (بلنسية)	Cementerio de Bāb Boatella	NA	NA	
LUG01422	1	NA		مقبرة باب عامر	Cementerio de Bāb ʿĀmir	NA	NA	
LUG01470	1	NA		مقبرة فرانك	Cementerio de Furānik	NA	NA	
LUG01501	1	NA		جبانة جبل فاره	Cementerio de Gibralfaro	NA	NA	
LUG01414	1	NA		مقبرة ابن عباس	Cementerio de Ibn ʿAbbās	NA	NA	
LUG00137	1	NA		مقبرة النخيل	Cementerio de la Palmera	NA	NA	
LUG01089	1	NA		مقبرة المرضى (بطليوس)	Cementerio de los leprosos	NA	NA	
LUG01434	1	NA		مقبرة الصلحاء	Cementerio de los piadosos	NA	NA	
LUG01426	1	NA		مقبرة مشكة	Cementerio de Muška	NA	NA	
LUG00533	1	NA		مقبرة مؤمرة	Cementerio de Muʾammara	NA	NA	
LUG01446	1	NA		مقبرة نجم	Cementerio de Nağm	NA	NA	
LUG01424	1	NA		مقبرة قريش	Cementerio de Qurayš	NA	NA	
LUG00534	1	NA		مقبرة الرصافة	Cementerio de Ruṣāfa	NA	NA	
LUG01417	1	NA		مقبرة أم سلمة	Cementerio de Umm Salama	NA	NA	
LUG01535	1	NA		جبانة ربض البيازين	Cementerio del Albaicín	NA	NA	
LUG01415	1	NA		مقبرة الربض	Cementerio del Arrabal	NA	NA	
LUG01465	1	NA		مقبرة بلاط مغيث	Cementerio del palacio de Mugīṯ	NA	NA	
LUG00271	0	NA		الديار المصرية	Egipto	NA	NA	
LUG01516	1	NA		فحص رعين	Faḥṣ Ruʿayn	NA	NA	
LUG00432	1	NA		ثغور الأندلس	Fronteras de al-Andalus	NA	NA	
LUG00424	1	NA		الثغور الشرقية	Fronteras orientales	NA	NA	
LUG00872	1	NA		جبل فاروق (رابطة)	Gibralfaro (rábita)	NA	NA	
LUG00812	0	NA		جزيرة من جزائر الروم	Isla en territorio cristiano	NA	NA	
LUG00177	1	NA		الثغر الشرقي	La Marca Oriental	NA	NA	
LUG00362	1	NA		الثغر الأعلى	La Marca Superior	NA	NA	
LUG01030	0	NA		العراقين	Los dos Iraqs	NA	NA	
LUG00615	0	NA		مغار رقيم / مغار زقتم / مفاز رقيم	Magār Ruqaym	NA	NA	
LUG00517	0	NA		بلاد المغرب	Magreb	NA	NA	
LUG00977	0	NA		غرب العدوة	Magreb	NA	NA	
LUG00610	0	NA		المغرب الاقصى	Magreb ulterior	NA	NA	
LUG01517	1	NA		الثغر الأقصى	Marca citerior	NA	NA	
LUG00965	1	NA		الثغر الجوفي	Marca Interior	NA	NA	
LUG01107	1	NA		قلعة ورد	Montemayor/Mawror?	NA	NA	
LUG01536	0	NA		---	NA	NA	NA	
LUG01079	1	NA		الغرب الأقصى	Occidente de al-Andalus	NA	NA	
LUG00774	1	NA		غرب الأندلس الأقصى	Occidente extremo de al-Andalus	NA	NA	
LUG00776	0	NA		البلاد المشرقية	Países de oriente	NA	NA	
LUG01017	0	NA		بلاد فارس	Persia	NA	NA	
LUG01508	0	NA		قنطرة سنان	Puente de Sinān	NA	NA	
LUG00227	1	NA		بني بلال (قرية)	Qaryat Banī Bilāl	NA	NA	
LUG00132	1	NA		بني عقبة (قرية)	Qaryat Banī ʿUqba	NA	NA	
LUG01485	0	NA		قصر ابن هبيرة	Qaṣr Ibn Hubayra	NA	NA	
LUG01500	1	NA		رابطة عمرش	Rābiṭat ʿAmruš	NA	NA	
LUG01482	0	NA		رباط الخليفة (مكة)	Ribat del Califa (La Meca)	NA	NA	
LUG00903	0	NA		بلاد الريف	Rif	NA	NA	
LUG00361	0	NA		وادي أم الربيع	Río Oum Errabiaa	NA	NA	
LUG01401	1	NA		رصافة قرطبة	Ruzafa de Córdoba	NA	NA	
LUG01336	0	NA		صحراء المغرب	Sahara	NA	NA	
LUG00326	1	NA		شنت برية / سنتمرية [من شرق الأندلس]	Santaver	NA	NA	
LUG00463	1	الابطليشي		ابطليش / أبطليس_قرية	*Abṭalīš	NA	NA	
LUG00616	0	الافرنجي		افرنجة	Ifranğa	NA	NA	
LUG01358	1	الالقيطني		القيطنة	*al-Qayṭina	NA	NA	
LUG00710	1	الانجري		انجر (قرية)	* Anğar	NA	NA	
LUG01134	1	الأجني		أجن	* Ağan	NA	NA	
LUG00989	1	الأرجالشي		أرجالش	*Arğāluš	NA	NA	
LUG00480	1	الأرحاوي		الأرحا (قرية)	* al-Arḥāʾ (Los Molinos)	NA	NA	
LUG01514	1	الأشكروسي		أشكروس	Asquerosa (Valderrubio)	NA	NA	
LUG01537	0	الأقلامي		الأقلام	al-Aqlām	NA	NA	
LUG00451	1	الأقوي		أقوية_قرية	* Uqwiya	NA	NA	
LUG00236	1	الأكشونبي		أكشونبة	Ocsónoba	NA	NA	
LUG01271	1	الأمروشي		أمروشة	* Amrūša	NA	NA	
LUG00664	1	الأنتلياني		أنتليانة	Antulyāna	NA	NA	
LUG00297	1	الأندرشي		أندرش	Andarax	NA	NA	
LUG00003	1	الأندلسي		الأندلس	al-Andalus	NA	NA	
LUG00138	1	الأندلسي		غرب الأندلس	Algarve	NA	NA	
LUG00135	1	الأندلسي		شرق الأندلس	Levante de al-Andalus	NA	NA	
LUG00225	1	الأنسري		أنسر (قرية)	* Ansar	NA	NA	
LUG00072	0	الإفريقي		إفريقية / بلاد إفريقية	Ifrīqiya	NA	NA	
LUG01504	0	الإقليبي		إقليبية	Kelibia	NA	NA	
LUG00209	1	الباذوي		باذو_قرية [من كورة جيان]	*Bāḏū	NA	NA	
LUG00273	1	البتي		بتة (قرية)	* Batta	NA	NA	
LUG00755	1	البجانسي		‎بجانس	Bağānis	NA	NA	
LUG01549	1	البحريني		البحرين	Baréin	NA	NA	
LUG00637	1	البراجلي		البراجلة	al-Barāğila	NA	NA	
LUG01272	1	البرززي		برزز (قرية)	* Barzaz	NA	NA	
LUG00813	1	البزلياني		بزليانة	Ventas de Bezmiliana	NA	NA	
LUG00673	1	البسقاوي		بسقاية	Vizcaya	NA	NA	
LUG00819	1	البشيجي		بشيجة / بشجة / بججة	* Bašīğa	NA	NA	
LUG00579	1	البصلي		البصل (إقليم)	al-Baṣal (iqlīm)	NA	NA	
LUG00792	1	البقيري		بقيرة (قرية)	Poqueyra	NA	NA	
LUG01511	1	البقيري		بقيرة	Viguera	NA	NA	
LUG01334	1	البلبياني		بلبيانة	* Bilbiyāna	NA	NA	
LUG00076	1	البلوي		بلي	Poley	NA	NA	
LUG01421	1	البلي		بلة ألبه	Villalba	NA	NA	
LUG00232	1	البورتي		البورت (وقيعة )	El Puerto o Congost de Martorell (batalla)	NA	NA	
LUG00739	1	البونتي		بونت (حصن)	* Būnt (Ḥiṣn)	NA	NA	
LUG00100	1	البونسي		بونس (قرية)	*Būnas	NA	NA	
LUG01249	1	البيري		بيرة	Vera	NA	NA	
LUG00901	1	البيغي		بيغة	Priego	NA	NA	
LUG01200	0	البينونسي		بينونس (قرية)	Benyunes	NA	NA	
LUG00976	0	التاغسىي		جبال تاغسى	Montañas de Tāgsà	NA	NA	
LUG00187	1	التاكرناوي		تاكرنا	Tākurunnā	NA	NA	
LUG00968	1	التجني		تُجُنْية	Tajuña	NA	NA	
LUG00493	1	الترجيلي		ترجيلة	Torrecilla?	NA	NA	
LUG00546	1	التويزاتي		التويزات_قرية	* al-Tuwayzāt	NA	NA	
LUG00102	1	الثغري		الثغر	La Marca	NA	NA	
LUG01233	1	الجالطي		جالطة	* Ğālaṭa	NA	NA	
LUG00611	0	الجبوبي		الجبوب [بغرب العدوة]	al-Ğubūb	NA	NA	
LUG00452	1	الجراوي		جراوة	Ğarāwa	NA	NA	
LUG00779	1	الجربيري		جربيرة	Cervera	NA	NA	
LUG01355	1	الجليقيي		جليقية	Ğillīqiya	NA	NA	
LUG01558	0	الحاحي		حاحة	Ḥāḥa	NA	NA	
LUG00081	0	الحجازي		‎الحجاز	al-Ḥiğāz	NA	NA	
LUG01036	1	الحجيري		الحجيرة	al-Ḥuğayra	NA	NA	
LUG01175	1	الحرلي		الحرلة (قرية)	al-Ḥaralla	NA	NA	
LUG00986	0	الحضروي		الحضرة	NA	NA	NA	
LUG00781	1	الحمراوي		الحمرة/الحمراء [قرية بشاطبة]	* al-Ḥamrāʾ	NA	NA	
LUG00170	0	الخراساني		خراسان	Jurasán	NA	NA	
LUG00543	1	الدامشي		دامش (قرية)	* Dāmaš	NA	NA	
LUG00516	1	الرباحي		رباح_قرية [بنظر شنتمرية الغرب]	*Rabāḥ	NA	NA	
LUG00253	1	الربضي		الربض الشرقي (قرطبة)	Arrabal oriental (Córdoba)	NA	NA	
LUG01416	1	الربضي		الربض	El Arrabal (Córdoba)	NA	NA	
LUG00369	1	الربلسي		ربلس_قرية [من إقليم همذان من كورة إلبيرة]	*Rabalis	NA	NA	
LUG00477	1	الركاني		ركانة	Requena	NA	NA	
LUG01310	1	الرندي		رندة (حفرة)	Ronda (Tajo)	NA	NA	
LUG01211	0	الرومي		بلاد الروم	País de los cristianos	NA	NA	
LUG00075	1	الري		رية	Rayya	NA	NA	
LUG01557	1	الزلاجي		الزلاج (تونس)	NA	NA	NA	
LUG00298	1	الزنقاتي		زنقات مرسية	*al-Zanaqāt	NA	NA	
LUG00645	1	السرحاني		مقبرة سرحان	Cementerio de Sirḥān	NA	NA	
LUG01127	0	السرداني		سردانية	Cerdeña	NA	NA	
LUG00966	1	السرني		سرتة/ سرنة	Zurita	NA	NA	
LUG00113	0	السوداني		بلاد السودان	País de los negros	NA	NA	
LUG00116	0	الشامي		الشام	Siria	NA	NA	
LUG00342	1	الشبرانهي		شبرانه	Chiprana	NA	NA	
LUG01476	1	الشبلاري		شبلار	Šabulār (Córdoba)	NA	NA	
LUG00689	1	الشتيقشي		شُتّيقَشْ (قرية)	Soticas	NA	NA	
LUG00891	1	الشراني		شرانة	Jarana	NA	NA	
LUG01464	1	الشقندي		شقندة	Secunda (Córdoba)	NA	NA	
LUG00048	1	الشقوري		شقورة	Segura	NA	NA	
LUG00887	1	الشلبري		شلبر	*Šallabar	NA	NA	
LUG00569	1	الشلبي		شلب [من إقليم برجلة قيس]	* Šalab	NA	NA	
LUG00445	0	الشمنتاني		شمنتان	Šumuntān/Somontín	NA	NA	
LUG00640	1	الشمنتي		شمنت	* Šumunt	NA	NA	
LUG01506	1	الشنتلي		شنتلية	Santaella	NA	NA	
LUG01369	1	الشيي		شية	Egea ?	NA	NA	
LUG00166	0	الصحراوي		الصحراء	Sahara	NA	NA	
LUG01169	0	الصعيدي		الصعيد	Alto Egipto	NA	NA	
LUG00370	1	الصيري		الصير مورته_قرية [من إقليم البساط من قرى غرناطة]	*al-Ṣīr Muwartuh	NA	NA	
LUG00511	0	الصيني		بلاد الصين	China	NA	NA	
LUG01515	1	الطالقي		طالقة	Itálica	NA	NA	
LUG01312	1	الطعيري		طعير_قرية [من إقليم برجله]	*Ṭaʿīr	NA	NA	
LUG01080	1	الطيلاطي		طيلاطة [من ظاهر إشبيلية]	Tejada	NA	NA	إشبيلية
LUG00191	0	العدوي		العدوة	al-ʿIdwa	NA	NA	
LUG00839	0	الفارسي		الفارس	Persia	NA	NA	
LUG00535	1	الفرخشبيطي		فرخشبيط_قرية [من قرى الآشات]	*Farajšabīṭ	NA	NA	
LUG00651	1	الفرغليطي		فرغليط (قرية، حصن)	Fargalit	NA	NA	
LUG00467	0	الفلسطيني		فلستين / فلسطين	Palestina	NA	NA	
LUG00643	1	الفنتنالي		مقبرة باب فنتنالة	Cementerio de Bāb Funtanella	NA	NA	
LUG00715	1	الفنتياني		فنتيانة [من نظر وادي آش]	*Funtiyāna	NA	NA	
LUG01337	1	الفيساني		فيسانة / بيسانة (قرية)	* Fīsāna	NA	NA	
LUG00633	1	القبانشي		قبانش_قرية [من أشونة]	*Qabānaš	NA	NA	
LUG01232	1	القشاشي		قشاشة (قرية)	* Qušāša	NA	NA	
LUG00518	1	القشياني		قشيانة_حصن [رية]	*Qašyāna	NA	NA	
LUG00515	1	القصبي		القصب (إقليم)	* al-Qaṣab	NA	NA	
LUG01352	1	القلنالي		قلنالة_قرية [من فحص غرناطة]	*Qalnāla	NA	NA	
LUG00425	1	القمراطي		قمراطة	Qimrāṭa	NA	NA	
LUG00756	1	الكزني		كزنة	Cuzna	NA	NA	
LUG01547	0	الكشاني		كشانية	Kušaniyya	NA	NA	
LUG00156	0	اللمطي		قصر لمطة	Qaṣr Lamṭa	NA	NA	
LUG00264	1	اللوشي		لوشة	Loja	NA	NA	
LUG01543	1	الماوراءالنهري		ما وراء النهر	Transoxiana	NA	NA	
LUG01441	1	المتعي		مقبرة متعة	Cementerio de Mutʿa	NA	NA	
LUG01483	0	المراكشي		مقبرة باب أغمات (مراكش)	Cementerio de Bāb Agmāt (Marraquech)	NA	NA	
LUG00045	0	المشرقي		المشرق	Oriente	NA	NA	
LUG00660	0	المصري		البلاد المصرية	Egipto	NA	NA	
LUG01289	1	المطخشارشي		مطخشارش	* Maṭaḫšāriš	NA	NA	
LUG00581	1	المعطشي		المعطشة (قرية)	* al-Muʿaṭṭaša	NA	NA	
LUG00052	0	المغربي		المغرب	Magreb	NA	NA	
LUG00103	0	المغربي		الغرب/المغرب	Magreb	NA	NA	
LUG01542	0	المغرياني		مغريانة	Magrayāna	NA	NA	
LUG01405	1	المقرياني		مقريانة (قرية)	* Maqriyāna	NA	NA	
LUG00110	1	المكناسي		مكناسة	Miknāsa	NA	NA	
LUG01045	1	المليشي		مليش / مليشة	*Malīš / Malīša	NA	NA	
LUG00503	1	المنتاني		منتانة_حصن	* Muntāna (ḥiṣn)	NA	NA	
LUG00196	1	المنتاني		منتانة_قرية [من قرى مرسية]	*Muntāna	NA	NA	
LUG00834	1	المنتماسي		منتماس / ملتماس/ ملبماس (حصن)	Bentomiz	NA	NA	
LUG00559	1	المنتوجبي		منتوجب / منتوجت_حصن	* Muntwağab / Muntwağat	NA	NA	
LUG01561	1	المنقاني		منقانة	Manqāna	NA	NA	
LUG00159	0	المنيشي		منيش (قرية)	Manīš (alquería	NA	NA	
LUG00798	1	الموصلي		موصل [قرية بأشبونة]	*Mawṣil	NA	NA	
LUG00450	1	النجشي		النجش [من وادي المنصورة]	*al-Nağaš	NA	NA	
LUG00838	1	النشيمي		منت لشم/نشيم	Montija	NA	NA	
LUG01371	1	النقسري		نقسرة	*Niqasra	NA	NA	
LUG00752	0	الهندي		الهند	India [LUG00670]	NA	NA	
LUG00178	1	الوزغي		وزغة (قرية)	* Wazaga	NA	NA	
LUG01266	1	اليسري		يسر (حصن)	* Yusr	NA	NA	
LUG00957	1	اليليري		يلير (قرية)	Yalīr *	NA	NA	
